ep,title,createAt,description,mention,content,attend,link,remark
EP0,BEASTARS 這本獸控漫畫真厲害,2018/10/20,與 woffy 一起聊聊 2018 獲獎無數，日本漫畫家板垣巴留所繪製的漫畫作品。帶大家一窺巴留老師筆下寫實的獸人世界以及其中的魅力,"《BEASTARS》
《動物方城市》",,尼爾、WOFFY,https://open.firstory.me/story/cjyqpmw902qcj0743ldy9c902,
EP01,打開影展的方式,2018/10/25,"影展選片都在看甚麼？搶票好難怎麼辦？由資深影迷 woffy 帶你了解金馬、金馬奇幻、北影以及其他影展的差異，一起打開你的第一次影展。 尼爾本集只是一個等著別人讓票的廢物 woffy 主編的電影小誌：https://www.facebook.com/GeeksDoNotPanic/ 

內容小勘誤： 
*尼爾提到的電影<無盡之詩>後來有上院線，但更名為<歡迎來到詩樂園> 
*尼爾提到的台南陽光影展，名稱為<光芒影展>","《無盡之詩》（《歡迎來到詩樂園》）
《塞尚與左拉》",,尼爾、WOFFY,https://open.firstory.me/story/cjyqpmw932qcl0743ainyouat,
EP02,異男可以看懂BL嗎？關於我被調教成油腐的形狀,2018/11/2,"雖然下了一個挺聳動的標題，但這集很認真的在討論為什麼異男們不敢接觸 BL 的原因，而身為異男的尼爾，又是怎麼由油腐師傅領進門的呢？ 由於 BL 是個浩瀚的宇宙，一期節目不可能聊完，因此本集只集中在探討 異男們面對 BL 的態度，對於 BL 的定義與分類並不會太過著墨。

[勘誤與小補充]
*woffy 在其中提到由 BL 大叔帶領 BL 麻瓜的書籍，書名為「爺們的BL：閃亮腐海就讓宅宅大叔帶你探索」。書籍連結：https://pse.is/BVKMQ 
*尼爾說到烙印勇士中的反派，名稱中譯為古力菲斯 
*尼爾所提到，把原作中的角色進行 BL 妄想配對，嚴格來說比較算「YAOI」文化，而非原創的「BL」。雖然定義上沒有那麼嚴格，還是特別提出來避免造成誤解","《烙印勇士》
《JoJo系列作品》
《爺們的BL：閃亮腐海就讓宅宅大叔帶你探索》
《惡魔人》
《惡童當街》",,尼爾、WOFFY,https://open.firstory.me/story/cjyqpmw962qcn0743a2ab4i15,
EP03,關於村上，我所說的其實是,2018/11/9,"村上春樹，一個讓真假文青與文青商品廠商高潮的名字，但村上難道就只是這樣而已嗎？在眾多的標籤之下，村上本人又是甚麼樣貌，一切的一切，就讓村上小粉絲尼爾與 woffy 為你揭密村上的魅力吧！ 

[勘誤與小補充] 
*woffy 在其中提到的村上 RADIO 在此：https://www.tfm.co.jp/murakamiradio/ 
*由於村上 RADIO 是限定放送，如果之後還有廣播如何收聽的方式：https://www.plurk.com/p/mvzodd 
*如果....如果你真的很想聽聽看村上聲音的話...這裡： https://drive.google.com/file/d/1rb3CeJTUiakRTdFFJVBPYWV5HidCJKKa/view 
*魔山作者，馮‧托馬斯曼是德國人沒錯","《刺殺騎士團長》
《當我談跑步時, 我談些什麼》
《挪威的森林》
《萊辛頓的幽靈》
《海邊的卡夫卡》
《世界末日與冷酷異境》
《舞·舞·舞》
《地下鐵事件》
《雜文集》
《村上收音機》
《村上 RADIO》
《1Q84》 
《沒有色彩的多崎作和他的巡禮之年》
《魔山》
《爵士群像》",,尼爾、WOFFY,https://open.firstory.me/story/cjyqpmw992qcp0743haoiyu0x,
EP04,難以定義的音樂展演：水曜日のカンパネラ,2018/11/16,"與特別來賓阿欐一起，探索日本新銳流行團體《水曜日のカンパネラ》不斷進化的音樂世界，無論你已經是歌迷，或是從來沒聽過他們的名字，希望都能聽得開心。 如果完全沒聽過他們，本期節目建議搭配底下的 Spotify 清單或 YouTube 連結食用，有可能是史上補充資料最多的一集。

阿欐整理的歌單：https://open.spotify.com/playlist/1bSu1h8tPT1YbIXVoI9c6Y 歌曲依照專輯發售順序，讓大家可以順著聽，感受一下團體音樂風格的變化，最後面也模仿演唱會的手法安置了一些舊歌。

 [其他小補充] 
打響知名度的名曲：http://yt1.piee.pw/CAJ9N 
東京賽馬場的LIVE(現在已換成剪輯過的版本)：http://yt1.piee.pw/CBG8K 
石巻市湖邊的LIVE RECORD：http://yt1.piee.pw/CAZFC 
在蒙古拍攝的：http://yt1.piee.pw/C9EDW 
在印尼即興拍攝的：http://yt1.piee.pw/C5V88 
LIVE時有名的透明滾球片段：http://yt1.piee.pw/BUP9R 
主唱Kom_I的IG：https://www.instagram.com/kom_i_jp/ Kom_I
參與的攝影計畫 ：https://www.zhangjingna.com/shedding-kom-i/","《一休さん》
《TIME TO PLAY》
《聖女貞德》
《Melos》
《ユニコ》
石巻市的LIVE（氣球造型）
《生きろ》
《dele 刪除人生》",,尼爾、阿欐,https://open.firstory.me/story/cjyqpmw9d2qcr0743edaij37n,跟外國團體合作的作品，再麻煩知道的人補充一下QQ
EP05,走入魏斯安德森的超級戀物世界,2018/11/23,"在眾多電影類型之中，影迷們都知道，有一種電影，就叫魏斯安德森。對齊症、控制狂、戀物癖，跟尼爾與 woffy 一起，走入魏導偏執精緻的電影世界。

 [小補充] 
►魏斯安德森的置中癖： https://www.youtube.com/watch?v=oL0DseCrqfU 
►魏斯安德森電影中的標誌物件： https://www.youtube.com/watch?v=nqfRmceGwUs 
►魏斯安德森電影中的色票 https://vimeo.com/182987900 
►犬之島背後的設計花絮 https://www.youtube.com/watch?v=ye-m7hfnar0 
►同人創作：如果魏導來拍A片 https://www.youtube.com/watch?v=aeopJiWnkFI&has_verified=1 
►同人創作：布達佩斯大飯店 mix 鬼店(血腥注意) https://vimeo.com/129295235 同人創作：如果魏導拍了X戰警 https://www.youtube.com/watch?v=UngE0qn3VRY 
以上都只是冰山一角，如果到 VIMEO 搜尋 wes anderson，就有超多影迷們自己整理的混剪素材，品質都非常高。也有許多 YouTuber 在做他的電影分析。","《神隱少女》（woffy看了十次）
《歡迎來到布達佩斯大飯店》
《犬之島》
《超級狐狸先生》
《大吉嶺有限公司》
《鬼店》",,尼爾、WOFFY,https://open.firstory.me/story/cjyqpmw9g2qct0743smwbe6r6,
EP06,絢爛胃痛大作：寶石之國,2018/11/30,"你曾經想過永生是甚麼感覺嗎？與 woffy 聊聊2017黑馬之作「寶石之國」，與可愛的寶石們一起，展開華麗又胃痛的旅程吧。 

[勘誤與其他小補充] 
關於後半聊到的特殊印刷設計，並不是台灣特有的，只能說台版盡力還原了日版的設計。閃膜的IDEA也不是出版社的點子，而是市川老師自己的設計。 
市川春子官方網站：http://ptpt.x0.to/pp/ 寶石之國動畫 OP：https://www.youtube.com/watch?v=C9MuI4gfyiA 
UACG 專文--碎了，心也碎了嗎？：https://www.u-acg.com/archives/15862","《寶石之國》
《尼爾：自動人形》","►基本上無雷，尼爾有不小心說一點點但在最後10分鐘左右。
►比起動畫，我非更推漫畫，因漫畫家具有平面設計的背景，作畫風格更貼近寶石的無機感，動畫則偏萌～",尼爾、WOFFY,https://open.firstory.me/story/cjyqpmw9j2qcv0743a1c7nmnn,
EP07,歌頌人類的勇氣：JOJO,2018/12/14,"勇氣與堅強的意志是少年漫畫最重要的主題，然而如果要舉出其中的佼佼者， JOJO必定當之無愧。 時尚與印象強烈的角色設計、獨樹一格的表現方式、高智商的戰鬥，以及最重要的，代代傳承的黃金精神，和尼爾一起加入 JOJO 的熱血世界，歌頌人類的勇氣吧！ 

[勘誤與其他小補充] 
荒木飛呂彥官方網站：http://www.araki-jojo.com/ 
JOJO動畫 OP 合集：http://neildrinkmilk.piee.pw/JOJOOP 
荒木飛呂彥展：http://jojoex-2018.com/",《JOJO的奇妙冒險》,,尼爾、阿欐,https://open.firstory.me/story/cjyqpmw9m2qcx0743njxugy8o,
EPXmas,聖誕閒聊特輯,2018/12/22,"很多很多ㄉ垃圾話就在這一集嘿嘿
尼爾跟woffy的關係是??
尼爾真的是異男嗎??
為什麼不做OOO主題呢??
這些答案讓2300萬人都驚呆了！

woffy的電影小誌
https://www.facebook.com/GeeksDoNotPanic/",《發條橘子》,"►叫做「喝牛奶」的原因：
是因為影視作品中的高知識反社會份子會喝，是一個on the top的感覺
Woffy的推特ID有「milk」（Woffy曾愛喝牛奶到搜集周邊產品）
►尼爾跟woffy的關係是：
大學同學
►尼爾真的是異男嗎？
是
►",尼爾、WOFFY,https://open.firstory.me/story/cjyqpmw9p2qcz0743b8xisokd,
EP08,專訪李奕樵：小說家談小說,2018/12/29,"本期節目尼爾找來了新銳華語小說家李奕樵，與他聊聊當代小說家的大小事。在視覺媒體如此豐富的現在，小說存在的意義是甚麼？小說家如何找到故事，或是故事如何找上作家？寫小說是否能有一套方法？小說家如何看待寫作與文學獎？ 無論你是書迷，或是正要踏上寫作之路的人 這篇訪談都會是最棒的跨年禮物 

小補充： 
李奕樵著作《遊戲自黑暗》：https://www.books.com.tw/products/0010772100 
李奕樵平面專訪： https://blog.accupass.com/2018_taipei_literature_interview5.html",,,李奕樵,https://open.firstory.me/story/cjyqpmw9s2qd10743ti8uin3a,
EP09,強大不一定是你想要的：靈能百分百,2019/1/7,"追逐強大是多數少年作品的主軸 許多故事也告訴我們英雄應該挺身而出 然後擁有強大的力量就是好事嗎？一定得擔負起責任嗎？モブサイコ100 <靈能百分百>是由一拳超人原作者 ONE 於 2018 完結的漫畫，故事講述各方面都不起眼，卻擁有強大超能力的國中生影山茂夫，一邊面對超能力帶來的困擾，一邊尋找生活意義的故事 如果你還沒看過，就來聽聽尼爾和 woffy 介紹這部作品的魅力吧 

[勘誤與其他小補充] 
漫畫於裏Sunday連載網頁：https://urasunday.com/mobupsycho100/index.html 
動畫官方網站：http://mobpsycho100.com/ 
動畫二期 PV：https://www.youtube.com/watch?v=Pr43Sayk37s 
官方推特：https://twitter.com/mobpsycho_anime 
ONE老師推特：https://twitter.com/ONE_rakugaki
",,"►我非持有師匠等身抱枕，且被家人洗過
►原本預計要拆下抱枕套再移動卻被媽媽說可以直接抱著走，於是在西門町抱著抱枕走在街上",,https://open.firstory.me/story/cjyqpmw9w2qd307434uo4zxkz,
EP10,專訪李璐：小說與生活的形狀,2019/1/14,"對於小說家而言最重要的是甚麼？ 靈感、寫作技巧，還是整理文字的方法？ ㄜ………我想應該是能支持寫作的生活費吧。 尼爾對談史上最多提問失準的一次 是脫稿閒聊的訪談，也是小說家生活最真實的告白 一起來聽 李璐／尾行少女 過於現實的分享吧 

小補充： 
李璐／尾行少女粉專： https://www.facebook.com/StalkerShoujo/ 
李璐原創作品< 燕燕于飛>：http://sho.pe/EU3D5",,►尼爾說要請很多人來訪談然後日更,,https://open.firstory.me/story/cjyqpmw9z2qd50743k1cop5fu,
EP11,馬男波杰克：獻給自爛者的情書,2019/1/22,如果你受夠了勵志電影中的說教 看膩了毀滅後重生的套路 那麼你應該來看這部動畫影集 即使人生是一連串無意義的垃圾 生活也仍然會持續下去 跟著尼爾一起來聊聊，這部被評為史上最致鬱的喜劇 另外雖然 woffy 沒有登場 但是獻給自爛者的情書這個優美的標題是她說的喔,,,,https://open.firstory.me/story/cjyqpmwa22qd70743l5bip2dc,
EP12,淺談自由過頭的ZINE,2019/1/30,"ZINE 就是從 magazine 中拆出來的詞，中文又稱為小誌 少了 MAGA 的條理，ZINE的世界奔放自由，這幾年台灣的ZINE文化也非常野蠻有活力的生長 管你是詩集、攝影、隨手塗鴉筆記、昨天的午餐菜單，通通都能做成 ZINE，超級沒問題！ 

[勘誤與其他小補充] 
這期節目中提到的店家和活動 
mangasick：http://mangasick.blogspot.com/ 
田園城市：https://www.facebook.com/gardencitypublishers/ 
荒花：https://www.facebook.com/wildflowerbookstore/ 
朋丁：https://pon-ding.com/ 
草率季：https://www.facebook.com/taipeiartbookfair/ 
Not Big Issue 小誌 / 獨立刊物市集： https://www.facebook.com/notbigissue/ 
孔版印刷 RETRO印刷JAM：https://www.facebook.com/retroinsatsujam.taiwan/",,,,https://open.firstory.me/story/cjyqpmwa52qd90743e0o9tghu,
EP13,專訪米粒人主唱：獨立樂團大小事,2019/2/18,"你喜歡玩音樂嗎？有沒有想過要玩到甚麼程度？ 是一種興趣爽就好，還是你要發片，要大紅大紫？ 尼爾喝牛奶首次有粉絲自告奮勇上節目 就讓我們跟著台中獨立樂團米粒人的主唱浦淞 一起聊聊獨立樂團的大小事吧 

[勘誤與其他小補充] 
Post-hardcore風格補充：https://pse.is/G4UXM 
米粒人當初COVER的霍元甲：https://www.youtube.com/watch?v=shuI0Wq4Oxc",,,米粒人,https://open.firstory.me/story/cjyqpmwa82qdb0743ejr0mspg,
EP14,你有在看 NETFLIX 嗎,2019/2/25,"短短幾年的時間 NETFLIX 已經從小眾愛老者的樂園 變成一種觀影文化的代名詞 NETFLIX 在選片製片上有怎樣的喜好？ 為業界帶來甚麼樣的影響？ 傳統電影院迷們會抵制還是擁抱？ 一起來聽尼爾 & woffy 兩個 NETFLIX 愛好者發廚吧！ 

【勘誤與補充】 
尼爾說的＜泰坦＞並不是由 NETFLIX 製作，而是美國外的地方都是由netflix發行。此外雖然有角色中二的評價，但觀眾對於打鬥特效、劇情走向還是多有正評的",,,,https://open.firstory.me/story/cjyqpmwac2qdd07430bkwq39v,
EP15,身為大人也需要看繪本,2019/3/4,"繪本是許多人小時候的回憶 甚至是啟發閱讀的開端 然而長大了就不能看繪本了嗎？ 不只小孩，我們一輩子都需要圖像啟發的想像力 許多繪本由大人來看，說不定感觸更深喔 

【勘誤與小補充】 
在此補充這次節目提到的繪本 
英諾桑提：http://www.robertoinnocenti.com/ 
卡森艾莉絲：https://www.carsonellis.com/ 
愛德華‧戈里：https://www.books.com.tw/products/F010070747 
活了一百萬次的貓：https://www.books.com.tw/products/0010797064 
童里繪本洋行：https://www.maisontempsreves.com/pages/about 
生活在他方：https://www.facebook.com/elsewherecafe/ 
怪談繪本日本官網：http://www.iwasakishoten.co.jp/special/kaidan/ 
惡之書：https://www.books.com.tw/products/0010571672 
當鴨子遇見死神：https://www.books.com.tw/products/0010555209 
米飛兔：https://www.miffy.com/ 
野蠻遊戲跟迷走星球的Chris van：allsburghttps://hmhbooks.com/chrisvanallsburg/books.html 
陳志勇<抵岸>：http://www.shauntan.net/ 
最高的山，最深的海：https://www.books.com.tw/products/0010763181",,,,https://open.firstory.me/story/cjyqpmwaf2qdf0743sglliiff,
EP16,RISO印刷，最美的是缺陷,2019/3/18,"Risograph 孔版印刷近年在小誌、設計圈大紅 特殊的墨色與獨特的質感深得創作者們青睞 其中錯版、跑色、濃淡不均的驚喜 也成為最大的特色 本次節目邀請到曾在台北 RETRO JAM 工作 本身也是 RISO 創作者的 16 帶大家深度了解 RISO 的魅力 

【勘誤與補充】 
1.請原諒尼爾一直瘋狂把 RISO 講成 RETRO RISO 是孔版印刷的名稱，RETRO 則是店名
2.台北 RETRO JAM：https://www.jamtaiwan.com/ 
3.16 的粉專：https://www.facebook.com/16yiryo/ 
4.台灣 RISO 平面設計團隊 O.OO：http://odotoo.com/",,►『廢材的印刷方式』（出自受訪者轉述老闆言論），RISO介於手工與機器之間，單色印刷讓特殊色燙金也不是問題。但採用此列印方式前，先得了解自己對其缺點能否接受，如：位置不精準（有錯位可能）、顏色不均勻與易掉色等現象,16,https://open.firstory.me/story/cjyqpmwaj2qdh07434ql7eatr,
EP17,閒聊特輯：尼爾(喝牛奶)大揭密,2019/3/25,本期節目由上次來上節目的 16 大大主持 雖然她原本是想逼問尼爾的秘辛 但最後變成尼爾喝牛奶的誕生花絮 請大家用輕鬆的姿態聆聽,,,16,https://open.firstory.me/story/cjyqpmwam2qdj0743bpgb3yiw,
EP18,突發特輯：woffy 的金馬奇幻片單,2019/4/9,"woffy 提到的電影 
約翰卡本特恐怖特輯： http://www.goldenhorse.org.tw/news/detail/1153 
《異形 Alien》 https://www.youtube.com/watch?v=x3lUYKnADt4 
《藍色比爾街的沉默》： https://www.youtube.com/watch?v=JEAb52qoWFY 
《抱歉打擾你 Sorry to Bother You》 https://www.youtube.com/watch?v=0XD5w0zxkJo 
《爸媽死了，我卻不想哭》 https://www.youtube.com/watch?v=qf2lkNPg7ig 
《幸福的拉札洛》 https://www.youtube.com/watch?v=LlFUC-RpMkg 
《爛情詩》 https://www.youtube.com/watch?v=7C5HMAw9Wrk 
《假面天后》 https://www.youtube.com/watch?v=s7PJmlX_QUY 
《月球之旅》 https://www.youtube.com/watch?v=s7PJmlX_QUY 
長達14小時的《 花系列》",,,,https://open.firstory.me/story/cjyqpmwap2qdl0743czhf1wa2,連結錯置
EP19,從ハチ到米津玄師,2019/4/15,"以知名度來說，你一定聽過米津玄師。不過你知道在成為米津玄師以前 他是 VOCALOID 圈的知名作曲家ハチ(Hachi)嗎？ 從ハチ到米津，讓資深粉絲 woffy 帶你認識你不知道的米津吧~ 

《補充與勘誤》
 woffy 推薦的歌單 Qualia：https://www.youtube.com/watch?v=cHO-o4wThJU 
マトリョシカ（俄羅斯套娃）： https://www.youtube.com/watch?v=qiiICgcXY8U&t=64s 
結ンデ開イテ羅刹ト骸： https://www.youtube.com/watch?v=AKffZySqQts 
GOGO 幽靈船： https://www.youtube.com/watch?v=2PqxOytUjz0 
VIVI： https://www.youtube.com/watch?v=W-Tun8O-Tjk 
woffy 與大大們製作的合本 《Wander Anywhere ─何処かへ行く─ 漂流何方》米津玄師 × ハチ紀念合本 宣傳：https://www.plurk.com/p/n8qjww 購買：http://sho.pe/GCXAY",,,,https://open.firstory.me/story/cjyqpmwat2qdn0743utctrgp6,
EP20,聽PODCAST 聊 PODCAST,2019/4/29,做了 20 集的 Podcast 才發現 Podcast 本身就是很次文化的事情 所以這集就來聊聊 Podcast 吧 為什麼台灣 Podcast 不盛行 有哪些推薦的 Podcast呢？ Podcast 這詞出場太多詞感覺快完型崩壞了,,,,https://open.firstory.me/story/cjyqpmwaw2qdp0743cm6auozn,
EP21,Don Hertzfeldt：簡單的線條，不凡的動畫,2019/5/6,"炫目的視覺與技術固然是動畫最吸引人的特質，但今天想分享的這位作者，Don Hertzfeldt ，正是在動畫領域靠樸拙技法走出了一條奇路的存在。每當我對創作感到疲倦或停滯，就會想重看他的作品。我們身處一個容易與他人比較的社群時代，而視覺、技法又是最常被檢視的標準。 但回歸創作的本質，用現有的資源，自己擅長的表達方式，去說好一個故事，其實是每個創作人最應該辦到的事情。 

小補充： 
早期作品〈BILLY’S BALLOON 〉： https://www.youtube.com/watch?v=7jksRQcI9NA 
短篇代表作 <退件 REJECTED>： https://www.youtube.com/watch?v=W7JyjZI3LUM 〈It’s Such a Beautiful Day 〉： https://vimeo.com/ondemand/itssuchabeautifulday 〈World of Tomorrow〉： https://vimeo.com/ondemand/worldoftomorrow/155036442 Don Hertzfeldt 
談論〈World of Tomorrow〉以及其他創作： https://www.youtube.com/watch?v=kAnVHclZQLE",,,,https://open.firstory.me/story/cjyqpmwaz2qdr0743bigwi3pe,
非正規輯,漫談攝影,2019/5/20,"攝影本身就是相當廣泛的文化 從底片到數位 興趣到高端藝術 自從相機發明的那一刻 攝影就成為了社會中獨特的文化風景 本期節目會從各個角度談論攝影的面貌

然而由於收音上遇到意外 我們遺失了部分內容 就請大家抱持著輕鬆的心情 享受這一盤關於攝影的漫談",,,,https://open.firstory.me/story/cjyqpmwb32qdt0743to3v1j5e,
EP22,一窺音樂遊戲的魅力,2019/6/24,想知道台北地下街手舞足蹈的音樂遊戲玩家，到底在玩什麼嗎？ 當中的曲目不只有阿宅歌，還有《追追追》？ 尼爾不在家，換我非喝牛奶？(編按：完全沒有出現的段落，本來就一直喝牛奶) 一起來和資深音樂玩家小兔，聊聊音GAME系勒PLAY蝦米GAME吧！,,,小兔,https://open.firstory.me/story/cjyqpmwb52qdv0743nqor8as1,
EP23,關注社會議題的人都在想啥,2019/7/2,你身邊有在關注社會議題 總是在事件爆發時轉發或響應的朋友嗎？ 還是你自己就是圈內人呢？ 議題很多 參與者也是五花八門還可能網內互打(誒 繫好安全帶 就讓不專業覺青們帶你安全走一趟社運的心路歷程,,,,https://open.firstory.me/story/cjyqpmwb82qdx07438w1dlt4a,
EP24,網路迷因迷什麼？,2019/7/18,"迷因 meme 是網路流行中最典型的現象 無論圖片、文字、影像都可能成為meme 被所有人不斷二創瘋傳 你知道嗎 迷因不只是一時的流行 更可能是網路世代的國際語言喔 

<小補充> 
WOFFY參與製作的meme塔羅牌 https://shopee.tw/product/152535856/2301551635/ 
迷因科普粉專 培養meme：https://www.facebook.com/cultivatememe/ 
F.E.Ws 少述派勢力：https://www.facebook.com/ForeignEntertainmentWorlds/ 
PTT鄉民百科：https://pse.is/EU237 
政治迷因粉專 政治迷因：https://www.facebook.com/politicalmemes689609426/ 
很純的顏純左：https://www.facebook.com/yctfans/ 
迷因出產或集合 meme generator：https://imgflip.com/memegenerator To be continued 
蒐集推特：https://twitter.com/t_b_c_bot",,,,https://open.firstory.me/story/cjyqpmwbb2qdz07439j0zoagx,
EP25,打開低慾望生活的開關,2019/7/28,"在網購與支付都相當便利的時代 消費越來越簡單 物質生活也前所未有的豐富 但有一群人 希望回歸更簡單的生活形式 適量甚至少量的慾望就能讓自己感到快樂 本次專訪 MEDIUM 作者 曼努 manzoo 由她來與我們分享關於低慾望生活的嘗試與心得 

曼努 medium：https://medium.com/@manzoo 
空屋筆記-免費的自由： https://www.facebook.com/noteinruin 
大原篇里採訪： https://www.youtube.com/watch?v=bwCQ_Oxpp6o 
社團-收納狂的日常：https://www.facebook.com/groups/our.storage.diary/",,,曼努 manzoo,https://open.firstory.me/story/cjyqpmwbe2qe107437bzhrhtx,
EP26,去逛選物店吧,2019/8/7,選物店 顧名思義就是選擇物品來販售的店 不同於主流市場的商品 選物店通常是店主個人品味的延伸 生活風格的顧問 如果你沒聽過 或總是經過但不敢進去 就讓尼爾與 woffy 帶你進門吧,,"聽尼爾說英文『講英文檔次更高、變厲害～』
我非對服飾的選擇走平價路線，尼爾則偏愛選物店，藉由老闆的品味（喜愛的生活型態）對五花八門的物件把關與篩選；選物店的單價較高，很常由小物入門，漸漸往服飾大型物件邁進。",,https://open.firstory.me/story/cjz0o398v1l0o075873c56ce4,
EP27,身為素食者的生活,2019/8/13,吃素可能有各種原因 宗教、環保、尊重生命等等 吃素的人都喜歡吃菜嗎? 素食者的生活是甚麼樣貌呢? 就讓尼爾與新朋友柯柯一起為大家解惑吧~,,,柯柯,https://open.firstory.me/story/cjz9ydcei8cfx0758rhb2o3sr,
EP28,認真聊性是怎樣的一件事情 feat.Sex Chat podcast 談性說愛,2019/8/25,本集專訪了主持 Sex Chat podcast 同為 Podcaster 的揚 近年越來越多網紅或年輕創作者 不再避談性事 無論是以老司機的形象帶路 或是像揚一樣用知識的角度認真解析 都可以感受到性相關的話題越來越普及 透過與揚的對談 來聊聊認真聊性是怎樣的一件事情,,,談性說愛 揚,https://open.firstory.me/story/cjzr3nk2f21ad0758pl0umkst,
EP29,電子遊戲為何讓人沉迷,2019/9/6,從課金手遊到主機大作 電子遊戲產業空前的興盛 為什麼現代人 樂於用現實的時間和金錢交換遊戲世界的成就 本次走漫談路線 從乳搖、打擊感聊到環境對人的影響 來聽聽尼爾和 woffy 的討論吧,,,,https://open.firstory.me/story/ck07ni5cf59lz0786zoe567we,
EP30,那些不太主流但也好看的科幻片,2019/9/10,"說起科幻片，你會想到甚麼？ 是壯闊的宇宙冒險，還是高科技的未來描寫？ 然而有些科幻 並不是那麼的，恩，你知道，那麼的科幻 且聽我們娓娓道來 

下收一堆片單
彗星來的那一夜 (Coherence) 、滅絕 (Annihilation) 、異星入境 (Arrival) 、銀翼殺手2049 (Blade Runner 2049)、醉後末日 (The World's End) 、銀河便車指南 (The Hitchhiker's Guide to the Galaxy) 、駭客任務立體動畫特集 (The Animatrix) 、曠世奇片之死 (Jodorowsky's Dune) 、沙丘魔堡 (Dune) 、異形系列 (Alien) 、2001太空漫遊 (2001: A Space Odyssey) 

【補充】： 
＊丹尼·維勒納夫(Denis Villeneuve)：《異星入境》、《銀翼殺手2049》，以及接下來2020年新的《沙丘魔堡》的導演。 
＊艾德格·萊特(Edgar Wright)：翻轉類型電影(殭屍片/警探片/科幻片)的「血腥冰淇淋三部曲」導演，節目中提到了《醉後末日》。 
＊亞力克斯·嘉蘭(Alex Garland)：《滅絕》導演，曾執導《人造意識》，編劇《別讓我走》、《28天毀滅倒數》等知名科幻電影。",,,,https://open.firstory.me/story/ck0dyp626gtmb0786f5itz71k,
EP31,一起去看展吧,2019/9/25,沒有介紹,,,,https://open.firstory.me/story/ck161nemlh7f407866pu1nhu3,
EP32,那些挽救悲劇的時空旅人,2019/10/7,如果人生能夠重來，你會做出怎樣的決定？ 又或者如果能回到過去，你會寄望於怎樣的改變？ 改寫時空一直是科幻題材常見且受歡迎的類型 但在科幻宏大的外表下 往往我們仍然在面對各自私密的難題,,,,https://open.firstory.me/story/ck1ghg4z51qi20786mdmydjxa,
EP33,紙本雜誌存在的意義,2019/10/23,雜誌已死已經說了很多年 但市場上新雜誌還是不斷誕生 究竟雜誌有甚麼樣的魅力 能讓每個世代的編輯群捨身投入 一起來聽我們聊聊 紙本雜誌存在的意義,,,,https://open.firstory.me/story/ck223hl1o6zxp07869w2jeyvp,
EP34,日常系作品:療癒之必要,2019/11/6,生活已經那麼糟了 為什麼還要看嚴肅流血的作品虐待自己 讓我們一起逃進日常系作品的時空 享受她與他永不結束的美好日常,,,,https://open.firstory.me/story/ck2ngxzmrcl980869nwj9r8xq,
EP35,說笑話的人,2019/11/26,優秀的喜劇遠比悲劇來的困難 從單口喜劇到漫才、短劇 說笑話的人們用歡笑，重新解構生活中的無奈與困難,,,,https://open.firstory.me/story/ck3fzlst31k0h0869i16a9zot,
EP36,政治娛樂化可以嗎,2019/12/10,從政論節目到網路迷因 政治娛樂化無所不在，甚至成為網路的日常 我們如何面對這樣的狂熱,《全民大悶鍋》《卡提諾新聞》《眼球中央電台》,"一同視聽。片尾有尼爾大吃螺絲與說要做結尾宣傳詞錄音，但至今沒下落的渣男支票。

尼爾結論：娛樂化不能避免，與其批評不如思考為何能獲大眾支持，也可採同樣方法（娛樂化）反擊；我非對此類宣傳習慣反思重點為何，是否與己身價值觀相符。畢竟不做娛樂化（如獨立樂團、小眾電影），太認真反而不易傳播。",,https://open.firstory.me/story/ck3yom9891tvk08770zzsopso,
EP37,扭蛋裡的小宇宙,2020/1/6,小小一個扭蛋 為什麼讓收藏著們瘋狂? 從真的很可愛到怪的很可愛 每個驚喜的瞬間，都有無限的可能 讓我們來聊聊一不小心就扭下去的心情吧,,,,https://open.firstory.me/story/ck86pmweyorbm0873vot0n5qg,
EP38,台劇國片怎麼了,,,,,,,
EP39,是誰還在用噗浪,2020/3/5,提到噗浪 多數人不是不知道，就是直接回答：現在還有人在用嗎？ 是阿宅最後的淨土，還是小眾交流的天地 就讓尼爾 woffy 一起來幫大家解答吧,,,,https://open.firstory.me/story/ck86pmwf3orbq0873wlp5nxum,"尼爾：從這期開始會盡量維持周更
也是尼爾：我離上次錄音隔太久已經忘記麥克風放哪"
EP40,筷子 怪異 推理  台灣的妖怪文化 feat. 瀟湘神老師,2020/3/18,本期與獨步出版社合作 邀請推理作家瀟湘神談論最新的著作 《筷：怪談競演奇物語》 從一雙筷子引發的怪異 一直聊到台灣當代妖怪文化的演變,《筷：怪談競演奇物語》,,瀟湘神,https://open.firstory.me/story/ck86pmwf6orbs08733zasgn6m,
EPSP,閒聊特輯：有限社交指南,2020/4/13,,,,,,
EP41,女巫與燈塔：陷入羅柏艾格斯的寓言深淵,2020/4/26,一個導演 如何只靠兩部片就征服影迷與坎城影展的觀影味蕾 在華麗特效飛舞的年代 從老派的寓言故事，到 1：1 的黑白電影 羅柏艾格斯如同碩果僅存的工匠 在他自己的世界中打磨純粹的電影 跟著尼爾與 woffy 一起進入他深邃迷人的世界吧,,,,https://open.firstory.me/story/ck9h8uvjcvvov08735je62vux,
尼爾不喝牛奶,工作、大典、歌劇魅影第二集,2020/5/9,"全新閒聊單元
回應粉絲問題與分享最近看的作品

尼爾喝牛奶不喝牛奶但是同樣精彩
本期節目重點
聊聊兩人的工作
尼爾看得政治諷刺小說《大典》
讓 woffy 忍不住吐槽到口條超流利的歌劇魅影第二集",,,,https://open.firstory.me/story/ck9zaa60iaol80873l71rgdgg,
尼爾不喝牛奶,周遊記真ㄉ難看，今晚來點虎王與午夜福音,2020/5/18,"眾所好評，劇透注意
尼爾不喝牛奶隆重推出第二集
別擔心尼爾以後還是會喝牛奶

本次依舊 NETFLIX 滿滿
聊聊我們都後悔看的
以及讚不絕口的虎王與午夜福音",,,,https://open.firstory.me/story/ckacmf070b0330873l4n6m6dc,
EP42,那些關於抄襲、戲仿、致敬與二創的愛恨情仇,2020/5/26,"雖然抄襲與二創並不是次文化 但卻深深影響著次文化的發展 你知道除了抄襲原作者 甚至有原作反抄二創的情況嗎？ 抄襲與盜取創意真的是罪大惡極嗎？ 那些關於抄襲、戲仿、致敬與二創的愛恨情仇 就讓尼爾與 WOFFY 一起聊聊吧 (其實我覺得一集實在聊不完 

【補充與勘誤】 關於「獅子王抄襲小白獅」的消息，後續看到這個講解影片，提到抄襲的證據是以不同年代的影片穿鑿附會等等，所以尼爾和woffy所說可能有誤，詳情可按進噗內觀看：https://www.plurk.com/p/nuexu3",,,,https://open.firstory.me/story/ckao4300savhj0873dgpdxr8e,
尼爾不喝牛奶,做工的人有點好看！養寵物都給我去看汪星人的奇幻漂流,2020/6/6,"台劇做工的人乍看之下是喜劇
但其實描寫的深度比想像中更厚，透過悲喜交加的劇情
讓中產觀眾們得以一窺工人階級弱弱相助的社會

汪星人的奇幻漂流讓哭點極高的尼爾爆哭
動畫音樂敘事方式真是情感爆擊的三位一體",,,,https://open.firstory.me/story/ckb3tyixp84530873dxxlwnpe,
EP43,決鬥！阿宅可以跟初音結婚嗎？,2020/6/19,"虛擬角色虛擬偶像先分清楚，從宅開始的哲學探討
開始用農場標題的我是否有點墮落？",,,,https://open.firstory.me/story/ckbmcis2xe4jq087330h1225j,
尼爾不喝牛奶,BEASTARS 跌落神壇 羅蘭大人請收下這期節目吧,2020/6/21,"不是每部作品都能維持當初的味道
世界第一的男人是阿宅的夥伴",,,,https://open.firstory.me/story/ckbp8tyud40to0873jf9g3ewg,
尼爾不喝牛奶,異獸魔都異常好看 反正我很閒其實不太閒,2020/6/23,"尼爾毫不重要的名字由來
異獸魔都真的是異常好看
woffy 的反正我很閒迷妹歷史大公開",,,,https://open.firstory.me/story/ckbr9x8fs31270918786eu0wv,
EP44,有一種燃是扣下扳機的 TRIGGER,2020/7/3,有一間動畫公司 成立不到十年就與動畫界巨頭們平起平坐 不斷挑戰動作場景與畫面的可能性，只要掛上名號就是品質保證 不只在日本，更受到歐美市場歡迎 獲得 NETFLIX 投資獨佔 你信嗎？ 因為他是 TRIGGER，至少我是信了,,,,https://open.firstory.me/story/ckc6dfktfjz870918j8z3uqio,
加點牛奶,AKIRA 的神倒不只動畫好看而已,2020/7/6,神作 AKIRA 到底神在哪裡 除了動畫很厲害以外 在那個 JUMP 還沒進入全盛期， 寶可夢、EVA 都還沒做出來的泡沫年代 AKIRA 如何寫下日本 ACG 歷史的新篇章,,,,https://open.firstory.me/story/ckcan03ngnmbk091886z7nbwl,
EP45,湯淺政明：動畫是流動的畫,2020/7/12,日本動畫界的異才 經常被內容農場標題耽誤的導演 在流動的畫與線條之間 打開動畫嶄新的一頁,,,,https://open.firstory.me/story/ckcj5hxm9c2yy0918d7fzm8ha,
尼爾不喝牛奶,金田大車隊上車囉，今天我來說個蝸牛打炮的故事,2020/7/15,"試著延長節目時間，希望聽得過癮也可以斗內一下
金田大車隊的謎樣狂潮
寶可夢劍盾不如預期美好
我的動森現在才開始
伊藤潤二之蝸牛打炮",,,,https://open.firstory.me/story/ckcmhcrd2jm100918050xl3a9,
EP46,該聊北影了：還好我們能在影展看《不散》,2020/7/23,北影 woffy 看了好多片 但想想還是來推薦台灣好片 電影是用聽的《 推拿》 拍電影的人拍電影的《江湖無難事 》 電影院告別時應該要播的《 不散》 woffy 的片單： 鳥是海與樹的孩子 / 她房間裡的雲 / 氣球 / ㊣麥肯齊金總理秘史♂ / 鬼怪屋 / 不散 / 推拿 / 江湖無難事 / 後人類傳說,,,,https://open.firstory.me/story/ckcyz4opsrpll0870phchtmg5,
尼爾不喝牛奶,庫洛魔法使真的是又讚又不妙的童年,2020/7/29,"聊完才發現這期的主題是性別多元
長大後看《庫洛魔法使》發現髒的不是這部動畫，而是我身為大人的心
謝謝東昊請我們看《曼哈頓戀舞曲》
15年前的《少年阿要光耀耽美》來個歷史 BL 大吐槽",,,,https://open.firstory.me/story/ckd65b01gn63q0856wyfvn43b,
EP47,真夜中的一曲入魂,2020/8/9,本集就是瘋狂安莉大家喜歡而且適合晚上聽的樂團 推薦大家一定要搭配播放清單服用 最好是節目聽一遍，搭配播放清單的音樂再聽一遍 播放清單： https://open.spotify.com/playlist/3tRvHDnU1YkaWUfdkBee7w?si=zcONH3cKReCgDdF7RdvHzQ,,,,https://open.firstory.me/story/ckdn8j8pyrzot0862ffw857no,
尼爾不喝牛奶,哆啦你今晚的噩夢與人生的哲學,2020/8/17,,,,,,
EP48,今晚我想來點黃金深淵飯,2020/8/23,,,,,,
尼爾不喝牛奶,關於我 COS 成惡魔貓男那檔事,2020/8/26,,,,,,
EP49,我是都念 Emoji 啦  feat.字型腦補 A Knob of Font,2020/8/31,,,,,,
不喝牛奶,別看木蘭看諾蘭，天能尼爾夭壽讚,2020/9/7,,,,,,
EP50,終於達標的真心話大公開,2020/9/20,,,,,,
EP51,雄影特集：該來點 VR 了，寶貝,2020/9/29,,,,,,
不喝牛奶,攀山、洋風和魂，我看了一部六小時的電影,2020/10/9,,,,,,
EP52 ,沒有尼爾不喝牛奶的那集：《迴轉企鵝罐》《穴界風雲》《和山 やま》《幻愛》,2020/10/26,,,,,,
EP53,為什麼你家小孩都在看 VTUBER,2020/10/31,,,,,,
EP54 ,讓嗨呀再次偉大，我可不知道會發生什麼事那集,2020/11/10,,,,,,
EP55,人外與獸控，在動物性上尋求歡愉是天性嗎,2020/11/14,,,,,,
EP56,睡覺是為了做夢那集：林海象、草率季、無聲、親愛的房客,2020/11/19,,,,,,
EP57 ,從前有個被票房遺棄的迪士尼：星銀島、失落的帝國、變身國王,2020/11/23,,,,,,
EP58,我說那個紀錄片跟你想的不一樣 feat. Giloo 行銷經理 RURU,2020/12/2,,,,,,
EP59,當個可生存的漫畫家 feat.謝東霖,2020/12/9,,,,,,
EP60 ,我覺得少年漫畫改變了 《鏈鋸人》《咒術迴戰》《約定的夢幻島》《鬼滅之刃》,2020/12/21,,,,,,
EP61 ,電子書實體書斗幾！我只想看伍佰萌來萌去與超時空戀情,2020/12/30,,,,,,
EP62 ,尼爾還是去看了迪士尼的那集《靈魂急轉彎》、《MIU404》、《葬送的芙莉蓮》,2021/1/18,,《MIU404》,,,,
EP63,末世之後有你有我：淺談末日公路旅行《少女終末旅行》/《天國大魔境》/《地球下課後》/《瘋狂麥斯》/《屍樂園》,2021/1/26,,,,,,
EP64 ,復古是當代空虛的解藥：NEW RETRO STYLE 與類比時代的美好,2021/2/4,,,,,,
EP65 ,性愛不只性與愛：《永田カビ》、《廢廢子の充氣大冒險！》、《T子%%走》、《幾花丹色》,2021/2/13,,,,,,
EP66,獻給所有曾熱愛畫畫的人《藍色時期》、《塗鴉日記》,2021/2/22,,,,,,
EP 67,虐戀一籮筐之大人的戀愛好難《即使成為大人》、《昨日之歌》、《優柔有情人》、《翼國留學記》,2021/3/3,,,,,,
EP68 ,為什麼作品裡的天使都很機車？聊聊正邪翻轉新套路,2021/3/11,,,,,,
EP69 ,煞氣浪漫ㄉ宇宙狂氣物語 《超時空甩尾》、《太空頻道 5 》、《雷神索爾 3》、《銀河便車指南》、《星際牛仔 Cowboy Bebop 》,2021/3/16,,,,,,
EP70,沒人在乎的中年異男危機 《同學麥娜絲》、《醉好的時光》,2021/3/24,,,,,,
EP71,這些年我還在重翻的搞笑作品《搞笑漫畫日和》《天體戰士桑雷德》《男子高中生的日常》《屬性同好會》《戰勇》《校園迷糊大王》《銀魂》,2021/3/30,,,,,,
EP72,只會在那個夏天閃耀的物語《夏日大作戰》、《企鵝公路》、《春宵苦短，少女前進吧！》,2021/4/6,,,,,,
EP73 ,希望大家不要吵架《消失的情人節炎上》、《國王排名》、《青春電幻物語》、《兩人之間》,2021/4/15,,,,,,
EP74 ,純真與惡一線之隔《蜂巢的幽靈》、《科學怪人》、《科學怪人的新娘》、《飼養烏鴉》、《超越無限兩分鐘》,2021/4/20,,,,,,
EP75 ,奧斯卡前夜緊急動員《父親》、《游牧人生》、《猶大與黑色彌賽亞》、《花漾女子》,2021/4/26,,,,,,
EP76 ,人老了就只想看人家放閃：《汗皂交香》、《冰屬性男子與無表情女子》、《阿宅的戀愛太難》、《完全聽不懂老公在說什麼》《愉快的失憶》、《明天兩人亦如此》,2021/5/5,,,,,,
EP77 ,愛到卡慘死但還是愛啦 《My Broken Mariko》、《我的單戀比世界危機更重要》、《咒術迴戰0卷》、《惡魔人》,2021/5/13,,,,,,
EP78,A漫不是只有 H 而已《變身成黑辣妹之後就和死黨上床了》、《關西人與蒙面殺人魔》、《 Love me tender 溫柔地愛著我》、《與僧侶交合的色慾之夜》,2021/5/20,,,,,,
EP79 ,致追求真理的人們《地。關於地球的運動》、《懲役339年》、《Dr.STONE 新石紀》、《歷史之眼》、《空想科學大戰》,2021/5/26,,,,,,
EP80,從紀錄裡找回生活《佔領立法會》  《理大圍城》  《法蘭克的B面人生》《假裝我們在城市》,2021/6/2,,,,,,
EP81 ,聊聊日劇與有餘裕才能談戀愛那集 《大豆田永久子與三個前夫》《喜劇開場》《dele 刪除人生》,2021/6/9,,,,,,
EP82 ,夏天就是要發生怪異事件吧《物怪》、《XXX HOLIC 次元魔女》、《岸邊露伴一動也不動》、《膽小狗英雄》、《校園人魚》、《女僕咖啡廳》,2021/6/18,,,,,,
EP83  ,用日常編織慢熱的幽默《ODD TAXI 奇巧計程車》、《瀨戶與內海》,2021/6/24,,,,,,
EP84,戲中有戲之好萊塢中年存在危機《好萊塢教父》、《從前有個好萊塢》、《鳥人》、《紐約浮世繪》、《爵士春秋》,2021/7/1,,,,,,
EP85 ,關於滲透的文字：上篇《靡靡》、《煮雪的人》、《蔡仁偉》、《任明信》、《鯨向海》,2021/7/7,,,,,,
EP86,從昆汀到藤本樹 《LOOK BACK》、《從前，有個好萊塢》,2021/7/23,,,,,,
EP87,安靜並不總是沒有聲音《青葉市子》《haruka nakamura（中村遼）》《Keaton Henson》《Nils Frahm》,2021/8/4,,,,,,
番外篇,我就是大名鼎鼎的貓殺手Jonny Walker 噠！,2021/8/11,,,,,,
EP88 ,遠端錄音終於結束啦！！《怪物事變》、《膽大黨》、《SPY×FAMILY間諜家家酒》,2021/8/17,,,,,,
EP89,真的沒有把斗內拿去斗 VTuber 《懶貓子》、《瀕臨絕種團》、《hololive》,2021/8/25,,,,,,
EP90,畫出神作的胸部星人クール教信者《平穩世代的韋駄天們》、《小森同學拒絕不了！》、《小林家的龍女僕》、《關於完全聽不懂老公在說什麼的事》,2021/8/31,,,,,,
EP91 ,人就這樣壞掉了：李滄東特輯《綠洲》、《薄荷糖》、《燃燒烈愛》、《密陽》,2021/9/8,,,,,,
EP92 ,邪典電影沒有那麼邪啦 PART1《鼴鼠》《裸體午餐》《發條橘子》,2021/9/14,,,,,,
雜談,很有餘裕才能不去在意那集,2021/9/22,,,,,,
EP93,邪典電影沒有那麼邪啦 PART2《沙丘》《粉紅火鶴》《洛基恐怖秀》《房間》《台北物語》,2021/9/22,,,,,,
雜談,關於衣櫃逐漸變成 UNIQLO  形狀那集,2021/9/28,,,,,,
EP94,雄影特集，聽說要把影展送到你家,2021/10/6,,,,,,
雜談,台北鄉巴佬高雄一日遊以及把問題丟給別人那集,2021/10/8,,,,,,
EP95,迎向史上第 N 波生存遊戲熱潮《魷魚遊戲》《賭徒默示錄》《今際之國的闖關者》《要聽神明的話》《天空侵犯》《急戰5秒殊死鬥》,2021/10/19,,,,,,
雜談,時間與神都不復存在那集《流行大百科》《女巫》,2021/10/23,,,,,,
EP96,逃出作品中的刻板親熱套路《環太平洋》《黑色追緝令》《極凍之城》《紳士密令》《A+瞎妹》《不可逆轉》《 村上春樹》《淺野一二O 》《Ryan Creamer》,2021/10/26,,,,,,
EP97,平凡人物的不凡戰鬥《MY HOME HERO》《小鎮滋味》,2021/11/4,,,,,,
雜談,每個數字背後都有一個真實的觀眾那集,2021/11/20,,,,,,
EP98,重回廣播的顫慄與浪漫《深夜放送》《聽我的電波吧》,2021/11/26,,,,,,
雜談,認真批評是因為在意那集,2021/12/1,,,,,,
EP99,整體應該還是在聊金馬...吧？《時代革命》《犬山記》《漩渦 Vortex》《颱風俱樂部》《愛情賓館》《搬家》,2021/12/8,,,,,,
EP99.1,為什麼我們會喜歡電影《法蘭西特派週報》,2021/12/12,,,,,,
雜談,毫無建設性送禮建議與慶生狂人那集,2021/12/21,,,,,,
EP100,假裝成聽眾問答的濃縮牛奶總集篇,2021/12/24,,"《女巫》
《燈塔》
《仲夏魘》
《宿怨》
《夜鶯的哭聲》
《鬼敲門》
《牯嶺街少年殺人事件》
《騷人》","►做節目的契機？
一開始是開Google Hangouts和朋友聊天，朋友提到很像在聽廣播節目，於是把聊天錄下來上傳
尼爾寫的文章：尼爾手動人類 https://medium.com/@neildrinkmilk
►兩人的星座與感情觀？
兩人都是雙魚座
我非：用去山上滑雪比喻，別人都說很棒，但很麻煩
尼爾：村上春樹的草莓蛋糕理論信仰者
►我非恐怖驚悚片推薦
A24電影公司出品的電影，有獨立文藝片的氣質的片，屬於壓抑、氛圍很可怕的感覺
►最喜歡的台灣電影
兩人都選《牯嶺街少年殺人事件》，尼爾高中時喜歡《騷人》",尼爾、WOFFY,,
EP101,年末最喜歡的電影《偶然與想像》,2021/12/29,,,,,,
EP102,遊戲是我們自願受的苦難《奧里與迷失森林》《空洞騎士》《鹽與聖所》,2022/1/5,,,,,,
牛奶加點棉花糖,行銷職涯、尼爾自動人形、騷人、DD,2022/1/7,,"《尼爾：自動人形》
《騷人》","►尼爾對行銷的想法
工作是擅長做、但不特別喜歡，是養活自己的手段
►怎麼在看直播和看作品中平衡時間？
「只要不要睡覺就好囉」把任何零碎時間拿來看精華",尼爾,,
EP103,重新擁抱那灰色的青春《我不受歡迎怎麼想都是你們的錯》《古見同學有交流障礙症》《志乃同學說不出自己的名字》,2022/1/9,,"《我不受歡迎怎麼想都是你們的錯》
《古見同學有交流障礙症》
《志乃同學說不出自己的名字》
《在下坂本，有何貴幹？》
《湯神君沒有朋友》
《變身》",,尼爾、WOFFY,,
牛奶加點棉花糖,本命音樂、VTuber、韓吉、失眠保暖旅遊秘訣,2022/1/14,,,,WOFFY,,
雜談,我還沒上車那集《在車上》《鈦》,2022/1/17,,,,,,
EP104,我們也是有在聽中文歌?《萬能青年旅店》 《透明雜誌》 《泥灘地浪人》 《草東沒有派對》 《ゲシュタルト乙女》 《無妄合作社》 《落差草原》,2022/1/25,,,,,,
牛奶加點棉花糖,罪惡ㄉ愉悅、彩虹社 Luxiem、新年新希望,2022/1/27,,,,,,
EP105,被謊言編織的勇者之旅-上《尼爾：人工生命 ver.1.22》,2022/1/31,,,,,,
牛奶加點棉花糖,關於過年的一切、電影周邊收藏抉擇、UQ 新氣象,2022/2/3,,,,,,
EP106,被謊言編織的勇者之旅-下《尼爾：自動人形》,2022/2/9,,,,,,
雜談,換器材與新年處刑那集《常田大希》《TINDER 大騙徒》《虎王：安提爾博士的故事》《睡著也好醒來也罷》《炎拳》,2022/2/13,,,,,,
雜談,買回人生與快樂那集,2022/2/14,"本次節目由台新 Richart 數位銀行贊助播出
「Richart功能多元，介面好操作，是生活中不可或缺的好夥伴」

尼爾與 Woffy 兩個金融原始人，聊聊金錢與價值觀的改變，
聽了這集可能不會財富自由，但在這個被賺錢焦慮的時代，
可能會讓你比較安心與快樂",,,,https://open.firstory.me/story/ckzlwz3ji0ffu094259ogcu6d,
EP107,從音樂夢男到世界大師：坂本龍一的鬼才人生,2022/2/17,"woffy 主場回合
分享我們敬愛的龍一 aka 教授的鬼才人生
年少就嶄露音樂才華自栩德布西轉世，創作音樂超過 50 年的教授
該如何打開他的作品呢？

請聽夾雜了各種八卦跟私人愛好的分享

👉本集搭配歌單
woffy 推薦的專輯：
《Music for Film》
《THREE》
《神鬼獵人》OST
《Vrioon》
《async》

建議搭配的紀錄片：
《坂本龍一：終章》
《搖滾師匠：細野晴臣》",,,,https://open.firstory.me/story/ckzpry7u409b50878t5e0djoj,
雜談,對防水異常執著的男子與雨天的戰鬥那集,2022/2/22,"本集節目由 Reder 防潑水商務背包贊助播出
Reder 使用 CORDURA ®軍規布料，經驗豐富的台灣代工廠設計
硬挺的版型與超多收納空間，打造一座背著走的行動辦公室

尼爾喝牛奶官網優惠代碼：neildrinksmilk
購買網址：https://skyurl.cc/lrOllzS
使用優惠代碼即可折 NT200！

住在長年下雨的台北，由尼爾分享長年來在時尚與價位間反覆橫跳的旅程，
背包、外套、褲子、鞋子，從最簡單的塑膠雨衣到戶外品牌，
簡介機車族與雨天可歌可泣的戰鬥

順便推薦大家一些雨天可帥又不會貴到買不下去的品牌

PS：由於本集錄製於新器材轉換期間
仍有些許呼吸聲，請大家見諒近期就會調教好器材~~",,,,https://open.firstory.me/story/ckzwvmvzx0fsy0810pl5spzb3,
牛奶加點棉花糖,器材謝罪、提不起勁、想要享樂卻得自律,2022/2/26,"牛奶加點棉花糖是尼爾喝牛奶定期回答觀眾的單元
沒聽過節目的人可以先聽其他本篇喔~

為最近器材的問題 aka 過敏 ASMR 謝罪
關於很多人問的提不起勁追劇
以及想要享樂卻得先自律的矛盾",,,,https://open.firstory.me/story/cl02n60ji0lq00878dj8ydcdl,
EP108,無關好看而是必看《時代革命》《佔領立法會》《理大圍城》,2022/2/28,"時間過的很快，香港反送中運動已經過去三年
紀錄片《時代革命》在近期上映
台灣也是全世界唯一合法商業上映的國家

在香港政府試圖抹去這段歷史的今日
光是透過紀錄片去記憶這段歷史就是很有意義的事情

去討論這部片好不好看反而不太必要
因為光是能有這樣的紀錄就已經難能可貴

本集也會深度討論本片與《佔領立法會》《理大圍城》兩片的敘事觀點差異
期望能讓大家對反送中運動有更進一步的理解",,,,https://open.firstory.me/story/cl06um44u2q3f0815csp4eco7,
牛奶加點棉花糖,LINE貼圖、遊戲實況、在聽什麼 Podcast,2022/3/6,"牛奶加點棉花糖是尼爾喝牛奶定期回答觀眾的單元
沒聽過節目的人可以先聽其他本篇喔~

關於玩遊戲會暴怒的 Woffy 以及很想讓他實況法環的尼爾

我們推薦的 LINE 貼圖：
Deliciousの諧食底里 - 食物諧音梗
miuk的貼圖
刺蝟又在耍白癡
女校之星
I'M A LIVE

我們在聽的節目：
SBD怪獸講堂
衣櫥裡的讀者
字戀男與變焦女
不合時宜",,,,https://open.firstory.me/story/cl0fd0ek538sf089231433meu,
EP109,最近的漫畫畫功都好好《章魚P的原罪》《愚者之夜》《徹夜之歌》《海波追尋的終幕》,2022/3/10,"聊聊最近看的幾部潛力作品
《章魚P的原罪》日本賣到缺貨，細節滿滿的胃痛之作
《愚者之夜》未來 SF 設定，畫功紮實的劇情派
《徹夜之歌》在糖與檸檬間搖擺，男孩與美少女吸血鬼的戀愛
《海波追尋的終幕》喜歡電影的老太太，開始拍攝電影的故事",,,,https://open.firstory.me/story/cl0jw4zfk06gc0805f8mj7fp1,
EP110,好像沒人在意的奧斯卡,2022/3/16,"在車上橫掃各獎項，串流出品的犬山記展現傳統大片格局
本應頗有話題的奧斯卡，今年討論卻異常冷清

獎項權威的消失，逐漸不受時代青睞的價值
比起聊入圍作品，本集更集中在對獎項本身的討論

本集提到作品：
《貝爾法斯特 Belfast》
《千萬別抬頭 Don’t Look Up》
《沙丘 Dune》
《甘草披薩 Licorice Pizza》
《犬山記 The Power of the Dog》
《王者理查 King Richard》
《西城故事 West Side Story》
《樂動心旋律 CODA》
《在車上 Drive My Car》
《馬克白 The Tragedy of Macbeth》
《漂浪人生 Flee》
《倒數時刻 Tick, Tick... Boom!》",,,,https://open.firstory.me/story/cl0tqmf4p007v0h39g5hjggvl,
牛奶加點棉花糖,去哪看作品、本命CP、Vocaloid 特集、嘴的功能,2022/3/23,"加點棉花糖是尼爾喝牛奶聽眾的投稿單元
第一次聽的朋友可先聽其他本篇

積了一大堆棉花糖
回答各種奇怪的問題",,,,https://open.firstory.me/story/cl13j7y1p01zg0i2p1rczfecu,
EP111,遊戲時代不缺名作但缺朋友《艾爾登法環》《雙人成行》《吸血鬼倖存者》,2022/3/29,"在金馬奇幻季節之前，尼爾自己莫名沉迷進艾爾登法環
本期聊聊這款虐手大作讓 1000 萬斗M玩家一邊摔搖桿一邊大喊好玩的原因
也順便聊聊近期喜歡的其他遊戲

希望尼爾此生可以有一起玩法環的朋友。",,,,https://open.firstory.me/story/cl1b0c93e09370hvxczcp2kvi,
牛奶加點棉花糖,金馬奇幻前導、香港移民參政權、喜歡的 holomen、地獄的男聲女聲,2022/4/1,,,,,,
EP112,寫實漫畫文藝復興？《達爾文事變》《Dr.STONE 結局》《Trillion Game一兆＄遊戲》《我推的孩子》《這樣也好 こういうのがいい》,2022/4/9,,,,,,
EP113,迎接夏日的清爽歌單《NEVER YOUNG BEACH》《Yogee New Waves》《mitsume》《ADOY》《團團轉樂團》《Flipper's Guitar》《細野晴臣》,2022/4/16,,,,,,
雜談,真的不要再把藤本樹念藤井樹《魔都精兵的奴隸》《青春養成記 Turning Red》《再見繪梨》,2022/4/19,,,,,,
EP114,有時候你要很有錢才能穿得看起來很窮之不負責任日牌大比拚,2022/4/24,,,,,,
牛奶加點棉花糖,爆量棉花糖之遊戲政治正確、會做的主題、16型人格、超譯事件看法、有點小意外的癖好、我們真的不是情侶,2022/4/29,,,,,,
EP115,金馬奇幻回顧祈禱院線《賈克·大地》《尋人啟弒》《巴西》《不看鐵達尼號的男人》《考萊塢之命運迴圈》,2022/5/4,,,,,,
名為棉花糖的人生相談,最近喜歡的東西、21歲焦慮、兩人的職涯選擇、關於未來的遊戲直播,2022/5/10,,,,,,
EP116,讓人小嚇一跳的夏日驚悚《為了觸摸青野同學，所以我想死》《諸星大二郎》《藤子F不二雄異色短篇》《暗芝居》《陰陽眼見子》,2022/5/16,,,,,,
牛奶加點棉花糖,節目背後的自我意識、哥吉拉、異形,2022/5/21,,,,,,
EP117,這個作品好像有點克蘇魯耶《星之彩》《 滅絕》《 突變第三型 》《 迷霧驚魂》,2022/5/27,,,,,,
牛奶加點棉花糖,面試、手游課金、關於朋友很少的真相,2022/5/30,,,,,,
EP118,一個嚮往天空的夢《風起》《紅豬》《空中殺手》《ACE COMBAT》《最後流亡》《雲之彼端：約束的地方》,2022/6/9,,,,,,
雜談,今天我要吃到最棒的早餐,2022/6/13,,,,,,
牛奶加點棉花糖,從職涯到性癖我們都是誠實回答,2022/6/20,,,,,,
EP119,叫你改編沒有叫你超越誒《86－不存在的戰區》,2022/6/24,,,,,,
牛奶加點棉花糖,生活的答案與生活的樂高,2022/6/27,,,,,,
EP120,台灣短片的一擊《媽媽桌球》《主管再見》《山川壯麗》《野潮》《詠晴》《那天，我媽偷了老師的車》,2022/7/2,,,,,,
EP121,看過都說讚可是講不出口的神作《漂流少年》,2022/7/9,,,,,,
EP122,這人到底在畫三小但怎麼畫這麼好：漫畫家 PeterMann 專訪特輯,2022/7/16,,,,,,
LIVE Podcast,《咒》佛母就是個賣家毀約還被公審的可憐人,2022/7/19,,,,,,
EP123,感受日常對話的張力：諾亞‧波拜克特輯《邁耶維茨家的故事》《婚姻故事》《紐約哈哈哈》《青春倒退嚕》《親情難捨》,2022/7/26,,,,,,
EP124,我們在黑洞邊緣起舞：編舞家蘇文琪的未來世界,2022/8/7,,,,,,
雜談,你說的 V 是哪個 V 《DECO*27》《n-buna》《PinocchioP》《Kanaria》,2022/8/16,,,,,,
LIVE Podcast,捷克影展、草原上，我們開始跳舞、尼爾只喝妹仔酒、寶可夢性癖大對決、薯餅蛋餅宗教戰爭,2022/8/20,,,,,,
EP125,如果所有人都能被溫柔以待 《躍動青春》,2022/8/25,,,,,,
EP126,不只狂人與兄貴，用想像書寫歷史中的灰《黃金神威》完結感想,2022/9/3,,,,,,
LIVE Podcast,恐怖，恐怖到了極點的設計系鬼故事,2022/9/7,,,,,,
EP127,誒我們沒聊過巨人喔！？《進擊的巨人》完結後日談,2022/9/13,,,,,,
雜談,在嘔吐中度過的中秋與最近努力了一把的感想,2022/9/17,,,,,,
雜談,誒真的好想再去日本喔,2022/9/23,,,,,,
EP127,套路與反套路之好的作品就是好《電馭叛客：邊緣行者》《不！》,2022/9/28,,,,,,
雜談,想要轉職還得先對自己誠實,2022/10/4,,,,,,
EP128,我們的 YouTube 私藏清單,2022/10/9,,,,,,
Ep129,原來我的心智是高中生《水星の魔女》《路人超能100》《鏈鋸人》《秋葉原冥途戰爭》,2022/10/14,,,,,,
EP130,時間管理大師與任天堂的設計哲學《斯普拉遁3 Splatoon 3》,2022/10/20,,,,,,
EP131,性癖會歪掉只能怪他們了《侏儸紀公園》《 樂一通 》《KERORO軍曹》《蠟筆小新》《出包王女》《  卡通頻道 》,2022/10/25,,,,,,
雜談,台創祭與走鐘獎後日談,2022/11/2,,,,,,
雜談,從台海到選舉，即使很無聊我還是要去投票,2022/11/9,,,,,,
EP132,致未來的馬老師和羅蘭大人《天才狂歡派對》《孤獨搖滾》《睡覺的笨蛋》,2022/11/11,,,,,,
LIVE Podcast,金馬我大哥！woffy 的金馬中場點評,2022/11/21,,,,,,
雜談,棉花糖與中國電影的現況,2022/11/25,,,,,,
EP133,要當個在夾縫中行走的節目《在超市後門吸菸的二人》《感官世界》《花與愛麗絲》《在夾縫中行走》《天才狂歡派對：最終章 》,2022/12/4,,,,,,
EP134,能「看」見音樂的漫畫《BLUE GIANT 藍色巨星》,2022/12/10,,,,,,
雜談,想當憂鬱龍一的後盾《坂本龍一：Playing the Piano 2022》《憂鬱之島》《後盾計畫》,2022/12/15,,,,,,
EP135,聖誕有很多打開的方式《黑夜遊行》《求婚好意外》《俘虜》《愛是您・愛是我》《東京教父》《終極警探》,2022/12/21,"介紹一切風格差了不只很多
但意外都發生在聖誕節的作品
祝大家聖誕快樂",,,尼爾、WOFFY,https://open.firstory.me/story/clbxsj4h1022j01sj0p7uhqb0,
EP136,一個人年末補番《地獄樂》《貓與海的彼端》《無能戀愛諮詢中心》《閻鐵花》,2022/12/29,"woffy 出國去，尼爾分享今年的小總結和補番推薦：
關於我們收到了嚇一跳的斗內，
直播做了半年的心得，
邪道佳作《地獄樂》
台漫好好看《貓與海的彼端》《無能戀愛諮詢中心》《閻鐵花》

勘誤：尼爾中文太爛，把閻鐵花講成闇鐵花，真的抱歉

奶粉蕾蕾亞拿的金獎得獎小說：https://reurl.cc/QWg1AM",,,尼爾,https://open.firstory.me/story/clc8fwx34000g01wq2z21b3tu,
雜談,woffy 的日田市巨人大冒險,2023/1/4,"日本歸來的 woffy 分享諫山創老家日田市的巨人粉之旅
以及荒謬又有點溫興的跨年
尼爾最後分享一下適合賀歲看的《峰迴路轉：抽絲剝繭》",,,尼爾、WOFFY,https://open.firstory.me/story/clcgxklm10d5u010g16bieswx,
EP137,想要很宅得先不宅之棉花糖與一點《白噪音》,2023/1/11,"回答大家積了一個月的棉花糖
阿宅要繼續宅居然要先運動保養??
尼爾的台北租屋幸運奇談
早晚要分開是什麼梗
CP 糧怎麼找
諾亞波拜克《白噪音》是好電影嗎？",,,尼爾、WOFFY,https://open.firstory.me/story/clcrrglyg02y201yh0bhu8v11,
EP138,過年開始喜歡跟小朋友玩了《MIU404》《灌籃高手 THE FIRST SLAM DUNK》 《鞋貓劍客2》,2023/1/31,"過年開始喜歡跟小朋友玩的故事
《MIU404》橫跨兩年的再度推薦
《灌籃高手THE FIRST SLAM DUNK》打開方式很不異男的尼爾
《鞋貓劍客2》這隻狼會不會太辣，獸迷大滿足",,,尼爾、WOFFY,https://open.firstory.me/story/cldj2ceik0mc601tjchy98yd3,
棉花糖雜談,黑粉應對、羞恥秘密、西方社會對動漫的道德爭辯,2023/2/7,"年後來回應大家的各種提問
歡應常常投稿讓我們水一集?

天氣很差心情不好怎麼辦
如何看待黑粉
兩人羞恥秘密！？
關於西方對日本動漫的指責討論",,,尼爾、WOFFY,https://open.firstory.me/story/cldu7yc1j0lp201t4grql9vh5,
EP139,沒在聊感情的情人節特輯《直到夜色溫柔》《想做料理的她與愛吃美食的她》《永田カビ》,2023/2/14,"選了幾部應該跟感情、性有關的作品
但好像沒怎麼在聊這些事情？

在他人無法看見的角落，仍有各種形式的愛留存：《直到夜色溫柔》
從食物開始的舒適關係，以及一點捕捉社會想法的細膩：《想做的女人和想吃的女人》
暌違多年重看私漫畫代表，心境上的轉變與焦躁《永田カビ》",,,尼爾、WOFFY,https://open.firstory.me/story/cle313bd404ck01tj1vzrhteq,